subbasin,site_name_big,site_name_little,shared_area_km2,shared_area_prop,area_sqmi_big,area_sqmi_little,elev_ft_big,elev_ft_little,area_sqmi_diff,area_sqmi_reldiff,elev_ft_diff,elev_ft_reldiff,riverdist_km,class,prop_cover_little,prop_cover_big,prop_cover_diff
West Brook,West Brook 0,Avery Brook,7.34744675445816,0.24874760651062308,11.386045856133556,2.8322503333291698,154.59051151306153,699.251803048706,-8.553795522804386,-3.020141059618068,544.6612915356445,0.7789201102677835,9.352779617442815,nlcd_43,0.5618858212447356,0.5191697553743514,0.042716065870384234
West Brook,West Brook 0,Jimmy Brook,2.527533222437523,0.08556956728892705,11.386045856133556,0.9743053994855408,154.59051151306153,452.0915519024658,-10.411740456648015,-10.68632121113738,297.5010403894043,0.6580548544591851,5.515637237847114,nlcd_43,0.4948350549816728,0.5191697553743514,-0.0243347003926786
West Brook,West Brook 0,Mitchell Brook,0.9117917042339146,0.030868682910401592,11.386045856133556,0.35146758446586196,154.59051151306153,437.5511970263672,-11.034578271667694,-31.39572114007994,282.9606855133057,0.6466916041741607,5.217108331220797,nlcd_43,0.7101063829787234,0.5191697553743514,0.19093662760437202
West Brook,West Brook 0,Obear Brook Lower,1.46677850544817,0.04965774570466659,11.386045856133556,0.5654136795656798,154.59051151306153,465.1764144970703,-10.820632176567877,-19.13754931589151,310.5859029840088,0.6676733671456699,5.579182260491876,nlcd_43,0.6614084507042254,0.5191697553743514,0.142238695329874
West Brook,West Brook 0,Sanderson Brook,4.557483085913181,0.15429346373223968,11.386045856133556,1.7567870851238705,154.59051151306153,640.4319727825928,-9.629258771009686,-5.48117575120421,485.84146126953124,0.7586152502015381,7.37729939129385,nlcd_43,0.5193578847969783,0.5191697553743514,1.881294226269148e-4
West Brook,West Brook 0,West Brook Lower,22.07621345093943,0.7473895953593436,11.386045856133556,8.50981164295834,154.59051151306153,401.9723855639649,-2.8762342131752163,-0.337990349710646,247.38187405090338,0.6154200709678802,4.768090613833259,nlcd_43,0.5391401096717794,0.5191697553743514,0.019970354297427995
West Brook,West Brook 0,West Brook Upper,16.48372400449577,0.5580560199380994,11.386045856133556,6.354040325735482,154.59051151306153,516.3184403765869,-5.032005530398075,-0.7919379280640022,361.72792886352534,0.7005907606160494,6.232991433629112,nlcd_43,0.5245562913907285,0.5191697553743514,0.005386536016377064
West Brook,West Brook 0,West Brook Reservoir,16.110503285651536,0.5454206428315763,11.386045856133556,6.210175364837062,154.59051151306153,568.7790399371338,-5.175870491296494,-0.8334499731848224,414.1885284240723,0.7282063848025269,6.816762381108621,nlcd_43,0.5339947950553026,0.5191697553743514,0.014825039680951169
West Brook,West Brook 0,West Whately Brook,1.2784664474290386,0.04328244619250254,11.386045856133556,0.4928158923965915,154.59051151306153,686.2487912445068,-10.893229963736964,-22.10405575754177,531.6582797314453,0.7747310982760162,9.325854886598544,nlcd_43,0.4069767441860465,0.5191697553743514,-0.11219301118830488
West Brook,West Brook 0,Avery Brook NWIS,7.350658381654374,0.24885633606045998,11.386045856133556,2.833488525637243,154.59051151306153,696.2353886602783,-8.552557330496313,-3.0183843178164516,541.6448771472168,0.7779622897213969,9.284222718476336,nlcd_43,0.5620907390084191,0.5191697553743514,0.04292098363406771
West Brook,West Brook NWIS,Avery Brook,7.34744675445816,0.24859778428266177,11.392905001612014,2.8322503333291698,154.14731576538085,699.251803048706,-8.560654668282844,-3.022562860190476,545.1044872833252,0.7795539245042978,9.403691356866256,nlcd_43,0.5618858212447356,0.5188313035232761,0.04305451772145952
West Brook,West Brook NWIS,Jimmy Brook,2.527533222437523,0.08551802820721788,11.392905001612014,0.9743053994855408,154.14731576538085,452.0915519024658,-10.418599602126474,-10.693361247538782,297.944236137085,0.6590351774619391,5.566548977270557,nlcd_43,0.4948350549816728,0.5188313035232761,-0.023996248541603316
West Brook,West Brook NWIS,Mitchell Brook,0.9117917042339146,0.03085009051101032,11.392905001612014,0.35146758446586196,154.14731576538085,437.5511970263672,-11.041437417146152,-31.415236867224117,283.4038812609864,0.6477045044946094,5.2680200706442415,nlcd_43,0.7101063829787234,0.5188313035232761,0.1912750794554473
West Brook,West Brook NWIS,Obear Brook Lower,1.46677850544817,0.049627836536086545,11.392905001612014,0.5654136795656798,154.14731576538085,465.1764144970703,-10.827491322046335,-19.149680514209397,311.0290987316895,0.6686261148213231,5.63009399991532,nlcd_43,0.6614084507042254,0.5188313035232761,0.14257714718094927
West Brook,West Brook NWIS,Sanderson Brook,4.557483085913181,0.15420053182097224,11.392905001612014,1.7567870851238705,154.14731576538085,640.4319727825928,-9.636117916488145,-5.485080120456774,486.2846570172119,0.7593072764689885,7.428211130717296,nlcd_43,0.5193578847969783,0.5188313035232761,5.26581273702198e-4
West Brook,West Brook NWIS,West Brook Lower,22.07621345093943,0.746939437965258,11.392905001612014,8.50981164295834,154.14731576538085,401.9723855639649,-2.8830933586536744,-0.33879637759542697,247.82506979858405,0.6165226236894032,4.8190023532567015,nlcd_43,0.5391401096717794,0.5188313035232761,0.020308806148503278
West Brook,West Brook NWIS,West Brook Upper,16.48372400449577,0.5577198993321276,11.392905001612014,6.354040325735482,154.14731576538085,516.3184403765869,-5.038864675876533,-0.7930174216030464,362.171124611206,0.7014491373715985,6.283903173052555,nlcd_43,0.5245562913907285,0.5188313035232761,0.005724987867452347
West Brook,West Brook NWIS,West Brook Reservoir,16.110503285651536,0.5450921325916933,11.392905001612014,6.210175364837062,154.14731576538085,568.7790399371338,-5.182729636774952,-0.8345544742778664,414.6317241717529,0.7289855902875421,6.8676741205320635,nlcd_43,0.5339947950553026,0.5188313035232761,0.015163491532026452
West Brook,West Brook NWIS,West Whately Brook,1.2784664474290386,0.0432563769064051,11.392905001612014,0.4928158923965915,154.14731576538085,686.2487912445068,-10.900089109215422,-22.117974029221486,532.101475479126,0.7753769219967063,9.376766626021984,nlcd_43,0.4069767441860465,0.5188313035232761,-0.1118545593372296
West Brook,West Brook NWIS,Avery Brook NWIS,7.350658381654374,0.24870644834401565,11.392905001612014,2.833488525637243,154.14731576538085,696.2353886602783,-8.559416475974771,-3.0208050600980587,542.0880728948974,0.7785988499349382,9.335134457899779,nlcd_43,0.5620907390084191,0.5188313035232761,0.043259435485142994
Paine Run,Paine Run 10,Paine Run 01,1.7366109907814413,0.13684540844462925,4.896585480989843,0.6700739896836354,1400.3952354345704,1840.9669519042968,-4.226511491306207,-6.307529551030156,440.5717164697264,0.23931538587045187,5.293655144088022,nlcd_41,0.9252199413489736,0.8777839258541984,0.04743601549477516
Paine Run,Paine Run 10,Paine Run 02,2.568896299843073,0.20242971239387078,4.896585480989843,0.9912138003019626,1400.3952354345704,1770.2416613500975,-3.90537168068788,-3.9399892127189418,369.8464259155271,0.2089242581905224,4.79384865386128,nlcd_41,0.8996677740863788,0.8777839258541984,0.02188384823218037
Paine Run,Paine Run 10,Paine Run 03,3.2095930027472304,0.2529167831676161,4.896585480989843,1.238431883091294,1400.3952354345704,1708.762356228027,-3.658153597898549,-2.953859350558144,308.3671207934567,0.18046226244950495,4.2569440586463525,nlcd_41,0.9006711409395973,0.8777839258541984,0.022887215085398926
Paine Run,Paine Run 10,Paine Run 04,4.0563532167900656,0.3196417134833064,4.896585480989843,1.5651467840312483,1400.3952354345704,1634.2663224108887,-3.3314386969585943,-2.1285151852518402,233.87108697631834,0.14310463586578043,3.413775166778417,nlcd_41,0.8596938775510204,0.8777839258541984,-0.018090048303177952
Paine Run,Paine Run 10,Paine Run 05,5.9995619540275635,0.4727670793551296,4.896585480989843,2.31493565544957,1400.3952354345704,1587.611972619629,-2.5816498255402727,-1.1152145069185113,187.2167371850585,0.11792348534392993,2.863592485529719,nlcd_41,0.8657621247113164,0.8777839258541984,-0.012021801142881983
Paine Run,Paine Run 10,Paine Run 06,7.395178980959565,0.5827420726590992,4.896585480989843,2.853441598954668,1400.3952354345704,1552.5477948730468,-2.0431438820351744,-0.7160279301961747,152.15255943847637,0.0980018521432495,2.394217426676054,nlcd_41,0.8558303886925795,0.8777839258541984,-0.021953537161618852
Paine Run,Paine Run 10,Paine Run 07,7.929127203729622,0.6248173347765944,4.896585480989843,3.0594679522831143,1400.3952354345704,1520.233403190918,-1.8371175287067283,-0.6004696101934284,119.8381677563475,0.07882879530525463,1.8600214097470351,nlcd_41,0.8617921935129191,0.8777839258541984,-0.015991732341279263
Paine Run,Paine Run 10,Paine Run 08,9.31250365117187,0.7338277671577286,4.896585480989843,3.5932434517817202,1400.3952354345704,1474.8519207983395,-1.3033420292081224,-0.36272021272643146,74.45668536376911,0.05048417696297646,1.1808437025986167,nlcd_41,0.8754685157421289,0.8777839258541984,-0.0023154101120694826
Paine Run,Paine Run 10,Paine Run 09,10.487744050003082,0.8264370234922849,4.896585480989843,4.046717398346193,1400.3952354345704,1433.886976895752,-0.84986808264365,-0.21001419150024486,33.49174146118162,0.023357309188823585,0.558450430377988,nlcd_41,0.8815493544356519,0.8777839258541984,0.003765428581453456
Piney River,Piney River 10,Piney River 01,1.41689987557289,0.11369583078390345,4.807995212302693,0.5466476447462186,1183.1179819714357,2501.955688120117,-4.2613475675564745,-7.7954192403679095,1318.8377061486813,0.5271227273971468,6.9546591943784195,nlcd_41,0.8333333333333334,0.9221615567688646,-0.0888282234355312
Piney River,Piney River 10,Piney River 02,2.852768948257178,0.22891380061380825,4.807995212302693,1.1006112681261868,1183.1179819714357,2369.7392778955077,-3.707383944176506,-3.368477183127884,1186.621295924072,0.5007391770869721,6.448479506831162,nlcd_41,0.8742478941034898,0.9221615567688646,-0.04791366266537478
Piney River,Piney River 10,Piney River 03,3.7208192043696493,0.298568471866414,4.807995212302693,1.4355098765513798,1183.1179819714357,2162.4095737646485,-3.372485335751313,-2.3493292458936312,979.2915917932128,0.45287054019480427,5.83220703314409,nlcd_41,0.8979166666666667,0.9221615567688646,-0.02424489010219788
Piney River,Piney River 10,Piney River 04,4.690414112706989,0.37637135725567555,4.807995212302693,1.8095899813656533,1183.1179819714357,2024.9685299682617,-2.9984052309370393,-1.6569528245698046,841.850547996826,0.4157351265157788,5.258130783065956,nlcd_41,0.9163442049014189,0.9221615567688646,-0.005817351867445697
Piney River,Piney River 10,Piney River 05,5.975613284829736,0.4794991718009339,4.807995212302693,2.3054297684196055,1183.1179819714357,1874.3122129907224,-2.5025654438830873,-1.0855092955612438,691.1942310192867,0.36877219613075635,4.504518906685578,nlcd_41,0.9251484001737368,0.9221615567688646,0.002986843404872208
Piney River,Piney River 10,Piney River 06,6.995479971252218,0.5613359989477691,4.807995212302693,2.698893735097896,1183.1179819714357,1603.3088015686037,-2.109101477204797,-0.7814688847422495,420.190819597168,0.2620772861635092,3.6222393749141433,nlcd_41,0.9226079382854299,0.9221615567688646,4.4638151656528624e-4
Piney River,Piney River 10,Piney River 08,9.358498749247454,0.7509509376981195,4.807995212302693,3.610564117749427,1183.1179819714357,1354.607953343506,-1.1974310945532656,-0.33164653929471283,171.48997137207039,0.12659749335502637,1.7184766072037696,nlcd_41,0.9149470161740101,0.9221615567688646,-0.0072145405948544905
Piney River,Piney River 10,Piney River 09,11.10166467422159,0.8908272277951823,4.807995212302693,4.283095330897672,1183.1179819714357,1238.919895999756,-0.5248998814050205,-0.12255152894180607,55.8019140283202,0.04504077641217507,0.5305056713097447,nlcd_41,0.9241460541813898,0.9221615567688646,0.0019844974125252657
Staunton River,Staunton River 10,Staunton River 01,1.2368872191026359,0.11622372776978163,4.106115133067873,0.47722811916090513,996.5580535754394,2940.0147104785156,-3.6288870139069678,-7.604093028481899,1943.4566569030762,0.6610363716808615,6.229387967818215,nlcd_41,0.7046527309507754,0.8674560105245848,-0.16280327957380936
Staunton River,Staunton River 10,Staunton River 02,2.143795953989379,0.20144112858663615,4.106115133067873,0.827132669699385,996.5580535754394,2487.8919701708983,-3.278982463368488,-3.9642763289233987,1491.333916595459,0.5994367659352252,5.299531883854115,nlcd_41,0.7679777512912197,0.8674560105245848,-0.09947825923336506
Staunton River,Staunton River 10,Staunton River 03,3.2255071997439564,0.30308379366591626,4.106115133067873,1.2444908252439155,996.5580535754394,2199.257748310547,-2.8616243078239574,-2.2994338325178814,1202.6996947351076,0.5468661850385714,4.512463492414185,nlcd_41,0.8275033377837117,0.8674560105245848,-0.03995267274087311
Staunton River,Staunton River 10,Staunton River 04,4.924583701109424,0.4627369954331721,4.106115133067873,1.9000379401638672,996.5580535754394,2053.119194470215,-2.206077192904006,-1.1610700745869027,1056.5611408947757,0.5146126653242895,4.089950998133375,nlcd_41,0.8644186863364945,0.8674560105245848,-0.003037324188090218
Staunton River,Staunton River 10,Staunton River 05,6.415808730549231,0.6028594974595393,4.106115133067873,2.4754040339158094,996.5580535754394,1710.9466459448242,-1.6307110991520637,-0.6587656305029378,714.3885923693848,0.4175399589826969,2.8219547359569086,nlcd_41,0.8826800488268005,0.8674560105245848,0.015224038302215748
Staunton River,Staunton River 10,Staunton River 06,7.27340395758982,0.6834431696528233,4.106115133067873,2.8062836995594096,996.5580535754394,1524.8785231542968,-1.2998314335084635,-0.4631860398549651,528.3204695788573,0.34646725070663126,2.0971756932729595,nlcd_41,0.8854578096947935,0.8674560105245848,0.01800179917020872
Staunton River,Staunton River 10,Staunton River 07,7.526080733267598,0.707185865297642,4.106115133067873,2.903781037857097,996.5580535754394,1432.06693571167,-1.2023340952107762,-0.4140581123492915,435.5088821362307,0.30411209928522176,1.6699300754762463,nlcd_41,0.8847622353349531,0.8674560105245848,0.017306224810368365
Staunton River,Staunton River 10,Staunton River 08,8.198072989450962,0.7703294113217649,4.106115133067873,3.1630526784800455,996.5580535754394,1265.5244566418455,-0.9430624545878277,-0.2981494620699777,268.9664030664061,0.21253354817031872,0.9745303546411851,nlcd_41,0.8806890684814972,0.8674560105245848,0.01323305795691243
Staunton River,Staunton River 10,Staunton River 09,8.436664645175167,0.7927486029948341,4.106115133067873,3.2551121104745224,996.5580535754394,1154.3350388867188,-0.8510030225933507,-0.2614358564962893,157.77698531127942,0.13668214166265374,0.6040731434248865,nlcd_41,0.8799710773680405,0.8674560105245848,0.012515066843455713
Big Creek,BigCreekLower,BigCreekMiddle,191.147683915524,0.9060248538800343,81.20836169822488,73.57684383630901,3428.656019458008,3528.955126972656,-7.631517861915867,-0.10372173450242281,100.29910751464831,0.028421757689135237,3.541665458184696,nlcd_42,0.7312758222168154,0.6901333242924829,0.041142497924332555
Big Creek,BigCreekLower,BigCreekUpper,138.09437820119953,0.6545563946602162,81.20836169822488,53.15557775122348,3428.656019458008,3913.1550276416015,-28.052783947001394,-0.5277486415121451,484.49900818359356,0.12381288366067973,13.054032145818775,nlcd_42,0.8764333434656353,0.6901333242924829,0.18630001917315242
Big Creek,BigCreekLower,HallowattCreekLower,73.02161228702406,0.3461166478568165,81.20836169822488,28.107437667608135,3428.656019458008,3916.406231147461,-53.10092403061674,-1.8892125514454794,487.75021168945295,0.12454025014319005,13.127429034895515,nlcd_42,0.7880088263620515,0.6901333242924829,0.09787550206956863
Big Creek,BigCreekLower,LangfordCreekLower,10.3703775573598,0.04915476671556271,81.20836169822488,3.9917383485056335,3428.656019458008,3431.6909566552736,-77.21662334971924,-19.344109410033457,3.0349371972656627,8.843853469321986e-4,0.053548007816842075,nlcd_42,0.16637227689460846,0.6901333242924829,-0.5237610473978744
Big Creek,BigCreekLower,LangfordCreekUpper,7.437887375856214,0.035254995953100214,81.20836169822488,2.8629721928853806,3428.656019458008,3594.2883778125,-78.3453895053395,-27.36505429568315,165.63235835449223,0.04608210052842138,1.7753360806939422,nlcd_42,0.209960252513444,0.6901333242924829,-0.4801730717790389
Big Creek,BigCreekLower,NicolaCreek,8.69244775588286,0.04120151260302028,81.20836169822488,3.3459242688995237,3428.656019458008,4958.18627071289,-77.86243742932535,-23.27083076956023,1529.5302512548824,0.3084858389224989,19.897495494076356,nlcd_42,0.9880928557134281,0.6901333242924829,0.2979595314209452
Big Creek,BigCreekLower,SkookoleelCreek,22.31245584851531,0.10575927019230806,81.20836169822488,8.588619867768715,3428.656019458008,3965.1818931054686,-72.61974183045616,-8.455344740891698,536.5258736474607,0.13530927158230868,13.677633936204323,nlcd_42,0.9532617736760803,0.6901333242924829,0.2631284493835975
Big Creek,BigCreekLower,WernerCreek,10.338543251378342,0.04900387463131454,81.20836169822488,3.979528178062408,3428.656019458008,4284.324883217773,-77.22883352016247,-19.40653013739041,855.6688637597654,0.19972081648418527,19.005625467670942,nlcd_42,0.933919959387427,0.6901333242924829,0.24378663509494414
Big Creek,BigCreekLower,Hallowat Creek NWIS,26.062045137562514,0.1235320258863844,81.20836169822488,10.031755198492965,3428.656019458008,4453.618950571289,-71.17660649973192,-7.095129924065983,1024.9629311132812,0.23014158653645117,21.3186695800673,nlcd_42,0.9385450228929965,0.6901333242924829,0.2484116986005136
Big Creek,BigCreekLower,Big Creek NWIS,191.18174602507588,0.9061863055764264,81.20836169822488,73.58997162600322,3428.656019458008,3528.27428859375,-7.618390072221658,-0.10352484046249691,99.61826913574214,0.028234275735814912,3.541665458184696,nlcd_42,0.7312147381618466,0.6901333242924829,0.0410814138693637
Coal Creek,CoalCreekLower,CoalCreekHeadwaters,32.28145560214238,0.20719803000637027,59.96942592546272,12.425474770141374,3658.917962163086,4595.677480302735,-47.54395115532135,-3.8263287347031816,936.7595181396487,0.20383491273150456,21.055602029753334,nlcd_42,0.9209940958396265,0.8406651315714105,0.08032896426821601
Coal Creek,CoalCreekLower,CoalCreekMiddle,117.88356911743483,0.7566338888891766,59.96942592546272,45.37480407048821,3658.917962163086,3874.49462152832,-14.594621854974513,-0.3216459476563748,215.5766593652338,0.05563994286310254,7.886796299077587,nlcd_42,0.9016229637255496,0.8406651315714105,0.06095783215413908
Coal Creek,CoalCreekLower,CycloneCreekLower,0,0,59.96942592546272,12.635366966572258,3658.917962163086,3701.7687282519537,-47.334058958890466,-3.746156252059478,42.85076608886766,0.011575754520218936,1.0361976092120393,nlcd_42,0.7692576278470133,0.8406651315714105,-0.07140750372439719
Coal Creek,CoalCreekLower,CycloneCreekMiddle,0,0,59.96942592546272,11.238076285269605,3658.917962163086,3853.742267246094,-48.731349640193116,-4.33627147593473,194.82430508300786,0.05055457567540717,3.208952476431004,nlcd_42,0.7997041152139126,0.8406651315714105,-0.04096101635749794
Coal Creek,CoalCreekLower,CycloneCreekUpper,0,0,59.96942592546272,9.896033096903388,3658.917962163086,4039.1349583154297,-50.073392828559335,-5.059945974132607,380.21699615234365,0.09413327360344448,6.16713576487916,nlcd_42,0.8681160414237706,0.8406651315714105,0.027450909852360095
Coal Creek,CoalCreekLower,MeadowCreek,0,0,59.96942592546272,5.7153133686457975,3658.917962163086,3684.488649702149,-54.25411255681693,-9.492762523653546,25.570687539062874,0.006940091277287552,1.788153493221418,nlcd_42,0.61941183445986,0.8406651315714105,-0.2212532971115505
Coal Creek,CoalCreekLower,CoalCreekNorth,54.15731151102991,0.347607877222922,59.96942592546272,20.845714542439833,3658.917962163086,4154.479392524414,-39.12371138302289,-1.8768227543062077,495.5614303613279,0.11928364147215245,13.973883421124548,nlcd_42,0.9235231462515363,0.8406651315714105,0.08285801468012577
McGee Creek,McGeeCreekLower,McGeeCreekTrib,0,0,7.416459092149375,1.224020794828191,3711.233983691406,3697.072545410156,-6.192438297321184,-5.059095665274529,-14.161438281249957,-0.0038304464159977353,1.0922121998891525,nlcd_42,0.9975838926174496,0.8308337511966085,0.1667501414208411
McGee Creek,McGeeCreekLower,McGeeCreekUpper,8.672548459655575,0.45011268665010973,7.416459092149375,3.3382492503169185,3711.233983691406,3866.290919555664,-4.078209841832456,-1.2216612769239112,155.05693586425787,0.040104828914963774,4.106303971871806,nlcd_42,0.9402386443397173,0.8308337511966085,0.10940489314310875
Duck Creek,EF Duck Creek be HF,EF Duck Creek ab HF,14.177494294228778,0.5778715825818201,9.449537520001188,5.4605992124319975,5342.4714764257815,5429.5483021289065,-3.9889383075691907,-0.7304946128416976,87.076825703125,0.016037581923524374,0.5980695858589884,nlcd_52,0.5916523235800344,0.6754360778120738,-0.08378375423203943
Duck Creek,EF Duck Creek be HF,Henrys Fork,4.403564584517114,0.17948833430262973,9.449537520001188,1.6960834876745945,5342.4714764257815,5926.907946796875,-7.7534540323265935,-4.571387015244705,584.4364703710935,0.0986073135633809,3.6740347396132065,nlcd_52,0.7464404134971718,0.6754360778120738,0.07100433568509801
Shields River,Shields River Valley Ranch,Buck Creek,11.501937414864175,0.0829225101193861,53.4215153336628,4.429862327544738,5744.145694829102,6493.801214609375,-48.991653006118064,-11.059407580567365,749.6555197802736,0.11544171048749419,19.22277991041509,nlcd_42,0.7374356645473812,0.7469929063431685,-0.009557241795787319
Shields River,Shields River Valley Ranch,Crandall Creek,6.579102303077914,0.04743163326540298,53.4215153336628,2.5338355344486287,5744.145694829102,6361.745001650391,-50.887679799214176,-20.08326077496877,617.5993068212892,0.0970801732325123,16.479926253857034,nlcd_42,0.8473282442748091,0.7469929063431685,0.10033533793164062
Shields River,Shields River Valley Ranch,Deep Creek,16.09450579196839,0.11603234926981015,53.4215153336628,6.198651920639731,5744.145694829102,6142.521051040039,-47.22286341302307,-7.618247325000537,398.37535621093775,0.06485535058011492,10.865347967523697,nlcd_42,0.8392312717770035,0.7469929063431685,0.09223836543383501
Shields River,Shields River Valley Ranch,Dugout Creek,6.217377868073255,0.04482380320684782,53.4215153336628,2.394537622558582,5744.145694829102,6496.105251782226,-51.02697771110422,-21.309741484279332,751.9595569531248,0.11575544542582994,19.514599017291093,nlcd_42,0.6752469737025184,0.7469929063431685,-0.0717459326406501
Shields River,Shields River Valley Ranch,Lodgepole Creek,3.528686877624236,0.025439850936747253,53.4215153336628,1.3590114723346298,5744.145694829102,6610.385575654297,-52.062503861328175,-38.30909813578734,866.2398808251955,0.1310422623478291,21.573489731450824,nlcd_42,0.9073218195086353,0.7469929063431685,0.16032891316546682
Shields River,Shields River Valley Ranch,Shields River ab Dugout,22.5348919855427,0.16246391727845305,53.4215153336628,8.679037269797636,5744.145694829102,6497.0347964160155,-44.742478063865164,-5.1552351571948485,752.889101586914,0.11588195618133877,19.51459902399909,nlcd_42,0.9134800172569322,0.7469929063431685,0.16648711091376367
Shields River,Shields River Valley Ranch,Dugout Creek NWIS,6.1924282780130655,0.04464393067236794,53.4215153336628,2.3849317416681384,5744.145694829102,6505.169213071289,-51.03658359199466,-21.39959928425338,761.0235182421875,0.11698750536927002,19.555752199182134,nlcd_42,0.6741620111731843,0.7469929063431685,-0.0728308951699842
Shields River,Shields River ab Smith NWIS,Buck Creek,11.501937414864175,0.0829225101193861,53.4215153336628,4.429862327544738,5744.145694829102,6493.801214609375,-48.991653006118064,-11.059407580567365,749.6555197802736,0.11544171048749419,19.22277991041509,nlcd_42,0.7374356645473812,0.7469929063431685,-0.009557241795787319
Shields River,Shields River ab Smith NWIS,Crandall Creek,6.579102303077914,0.04743163326540298,53.4215153336628,2.5338355344486287,5744.145694829102,6361.745001650391,-50.887679799214176,-20.08326077496877,617.5993068212892,0.0970801732325123,16.479926253857034,nlcd_42,0.8473282442748091,0.7469929063431685,0.10033533793164062
Shields River,Shields River ab Smith NWIS,Deep Creek,16.09450579196839,0.11603234926981015,53.4215153336628,6.198651920639731,5744.145694829102,6142.521051040039,-47.22286341302307,-7.618247325000537,398.37535621093775,0.06485535058011492,10.865347967523697,nlcd_42,0.8392312717770035,0.7469929063431685,0.09223836543383501
Shields River,Shields River ab Smith NWIS,Dugout Creek,6.217377868073255,0.04482380320684782,53.4215153336628,2.394537622558582,5744.145694829102,6496.105251782226,-51.02697771110422,-21.309741484279332,751.9595569531248,0.11575544542582994,19.514599017291093,nlcd_42,0.6752469737025184,0.7469929063431685,-0.0717459326406501
Shields River,Shields River ab Smith NWIS,Lodgepole Creek,3.528686877624236,0.025439850936747253,53.4215153336628,1.3590114723346298,5744.145694829102,6610.385575654297,-52.062503861328175,-38.30909813578734,866.2398808251955,0.1310422623478291,21.573489731450824,nlcd_42,0.9073218195086353,0.7469929063431685,0.16032891316546682
Shields River,Shields River ab Smith NWIS,Shields River ab Dugout,22.5348919855427,0.16246391727845305,53.4215153336628,8.679037269797636,5744.145694829102,6497.0347964160155,-44.742478063865164,-5.1552351571948485,752.889101586914,0.11588195618133877,19.51459902399909,nlcd_42,0.9134800172569322,0.7469929063431685,0.16648711091376367
Shields River,Shields River ab Smith NWIS,Dugout Creek NWIS,6.1924282780130655,0.04464393067236794,53.4215153336628,2.3849317416681384,5744.145694829102,6505.169213071289,-51.03658359199466,-21.39959928425338,761.0235182421875,0.11698750536927002,19.555752199182134,nlcd_42,0.6741620111731843,0.7469929063431685,-0.0728308951699842
Snake River,Spread Creek Dam,Grizzly Creek,32.91050816723594,0.1300850156838705,97.49264784348073,12.682312647876511,7130.235314443359,8339.750301474609,-84.81033519560421,-6.687292574340106,1209.5149870312498,0.14503012000459858,30.309545278274516,nlcd_42,0.8090060022070896,0.7791148889808595,0.02989111322623017
Snake River,Spread Creek Dam,Grouse Creek,13.366429060851134,0.05283334201898459,97.49264784348073,5.150860776457052,7130.235314443359,7869.525670644532,-92.34178706702367,-17.92744767808298,739.2903562011725,0.09394344553178426,22.31453389740463,nlcd_42,0.9222098433711252,0.7791148889808595,0.14309495439026576
Snake River,Spread Creek Dam,Leidy Creek Lower,13.420822764175549,0.05304834343172803,97.49264784348073,5.171830846476933,7130.235314443359,7958.339835693359,-92.32081699700379,-17.850703114138586,828.1045212500003,0.10405493335883072,24.774625240634297,nlcd_42,0.6895292736993089,0.7791148889808595,-0.08958561528155051
Snake River,Spread Creek Dam,Leidy Creek Upper,5.661378392963968,0.022377670174483257,97.49264784348073,2.1816562863670335,7130.235314443359,8706.855952421874,-95.3109915571137,-43.687446163129906,1576.6206379785153,0.1810780661347644,30.868571582995997,nlcd_42,0.5659711567965634,0.7791148889808595,-0.21314373218429605
Snake River,Spread Creek Dam,Leidy Creek Mouth,13.386359843917988,0.052912122213282065,97.49264784348073,5.158552138324678,7130.235314443359,7979.362522861328,-92.33409570515605,-17.89922699805124,849.1272084179691,0.10641541927505753,25.051449297665695,nlcd_42,0.6898941038044188,0.7791148889808595,-0.08922078517644061
Snake River,Spread Creek Dam,NF Spread Creek Lower,72.47970833164632,0.2864897724208081,97.49264784348073,27.930479555891676,7130.235314443359,7788.545952871093,-69.56216828758905,-2.4905468647034223,658.3106384277335,0.08452291896474724,20.122647286799516,nlcd_42,0.8218821710372924,0.7791148889808595,0.04276728205643299
Snake River,Spread Creek Dam,NF Spread Creek Upper,9.550774932473704,0.037751246518911034,97.49264784348073,3.680442532869363,7130.235314443359,8340.205261708985,-93.81220531061136,-25.489381907961235,1209.9699472656257,0.14507675882040483,30.286144870015782,nlcd_42,0.9444902445726848,0.7791148889808595,0.16537535559182537
Snake River,Spread Creek Dam,Rock Creek,12.303653558326639,0.048632520591013806,97.49264784348073,4.741308504744924,7130.235314443359,7285.957469453125,-92.7513393387358,-19.56239279640077,155.72215500976563,0.02137291573038155,3.253949738306617,nlcd_42,0.8988676020226479,0.7791148889808595,0.11975271304178847
Snake River,Spread Creek Dam,SF Spread Creek Lower,114.84205468526676,0.45393496839935127,97.49264784348073,44.25562182292869,7130.235314443359,7785.600726142578,-53.23702602055204,-1.202943803016911,655.3654116992193,0.08417660174874186,20.12327280549584,nlcd_42,0.7179833865616088,0.7791148889808595,-0.061131502419250694
Snake River,Spread Creek Dam,SF Spread Creek Upper,90.98103745474553,0.3596197793146806,97.49264784348073,35.060591929599155,7130.235314443359,7937.885047832031,-62.43205591388157,-1.7806902986476574,807.6497333886718,0.10174621180855403,24.33951606083611,nlcd_42,0.6777898540081662,0.7791148889808595,-0.1013250349726933
Snake River,Spread Creek Dam,Leidy Creek Mouth NWIS,13.413374514728389,0.05301890281533804,97.49264784348073,5.168962206458443,7130.235314443359,7960.374340966797,-92.32368563702228,-17.861164765659723,830.1390265234377,0.10428391818852785,24.827648206809137,nlcd_42,0.6898081691243638,0.7791148889808595,-0.08930671985649563
Snake River,Spread Creek Dam,SF Spread Creek Lower NWIS,114.80684809898939,0.4537958077001365,97.49264784348073,44.24205435845988,7130.235314443359,7789.933261191406,-53.25059348502084,-1.2036193675269142,659.6979467480469,0.08468595617302523,20.210378466114708,nlcd_42,0.7179180237393799,0.7791148889808595,-0.0611968652414796
Donner Blitzen,Donner Blitzen River nr Frenchglen NWIS,Donner Blitzen ab Indian NWIS,157.46293341910683,0.29612056817574517,204.96698806231217,60.69605275230441,4262.824407705078,5097.023633925781,-144.27093531000776,-2.376940983275561,834.1992262207032,0.16366399022917502,28.49144546398546,nlcd_52,0.8737763426240652,0.8040952506001138,0.06968109202395145
Donner Blitzen,Donner Blitzen River nr Frenchglen NWIS,Indian Creek NWIS,49.34134495838291,0.09279000960018229,204.96698806231217,19.018903070491387,4262.824407705078,5095.547416123047,-185.9480849918208,-9.7770141791367,832.7230084179691,0.16342169749674265,28.3332313501785,nlcd_52,0.699226947428838,0.8040952506001138,-0.10486830317127582
Donner Blitzen,Donner Blitzen River nr Frenchglen NWIS,Little Blizten River NWIS,48.03096096876103,0.09032573662425317,204.96698806231217,18.513672615760782,4262.824407705078,5069.138496391602,-186.4533154465514,-10.071114430738218,806.314088686524,0.1590633377368734,25.567566745245323,nlcd_52,0.6867487594192244,0.8040952506001138,-0.11734649118088936
Donner Blitzen,Donner Blitzen River nr Frenchglen NWIS,Donner Blitzen nr Burnt Car NWIS,424.2975760682089,0.7979226385075315,204.96698806231217,163.54865469083967,4262.824407705078,4514.419019287109,-41.4183333714725,-0.2532477778540378,251.59461158203158,0.055731337854801506,11.029598738118034,nlcd_52,0.8125278047772561,0.8040952506001138,0.008432554177142282
Donner Blitzen,Donner Blitzen River nr Frenchglen NWIS,Donner Blitzen ab Fish NWIS,455.27857306397027,0.8561846703002322,204.96698806231217,175.4902236415156,4262.824407705078,4340.935392944336,-29.47676442079657,-0.16796812841842704,78.1109852392583,0.017994044639829985,5.1927462752444375,nlcd_52,0.8157081293735495,0.8040952506001138,0.011612878773435753
Donner Blitzen,Donner Blitzen River nr Frenchglen NWIS,Fish Creek NWIS,57.83241235958468,0.10875808315670678,204.96698806231217,22.291382848763973,4262.824407705078,4344.748087866211,-182.67560521354818,-8.194897842494203,81.92368016113323,0.018855795204772742,5.120318094796342,nlcd_52,0.7359219446649973,0.8040952506001138,-0.0681733059351165
